{"cameraMode":{"drawMode":0,"name":"Shaded","section":"Shading Mode"},"sceneLighting":false,"audioPlay":false,"sceneViewState":{"showFog":true,"showMaterialUpdate":false,"showSkybox":false,"showFlares":true,"showImageEffects":true,"showParticleSystems":true},"in2DMode":false,"pivot":{"x":-1.7076332569122315,"y":8.209554672241211,"z":-4.059478759765625},"rotation":{"x":0.001234513707458973,"y":0.888511061668396,"z":0.002390356967225671,"w":-0.45884713530540469},"size":2.4247448444366457,"orthographic":false}