{"cameraMode":{"drawMode":0,"name":"Shaded","section":"Shading Mode"},"sceneLighting":false,"audioPlay":false,"sceneViewState":{"showFog":true,"showMaterialUpdate":false,"showSkybox":false,"showFlares":true,"showImageEffects":true,"showParticleSystems":true},"in2DMode":false,"pivot":{"x":7.499131679534912,"y":0.9697787761688232,"z":-12.220357894897461},"rotation":{"x":0.010074525140225888,"y":0.15002071857452393,"z":0.001528609311208129,"w":-0.988629937171936},"size":2.36602520942688,"orthographic":false}