{"cameraMode":{"drawMode":0,"name":"Shaded","section":"Shading Mode"},"sceneLighting":true,"audioPlay":false,"sceneViewState":{"showFog":true,"showMaterialUpdate":false,"showSkybox":true,"showFlares":true,"showImageEffects":true,"showParticleSystems":true},"in2DMode":false,"pivot":{"x":-3.6925888061523439,"y":-0.9475479125976563,"z":-12.382539749145508},"rotation":{"x":0.3300813138484955,"y":-0.5164846777915955,"z":0.22509442269802094,"w":0.7573786377906799},"size":59.45222473144531,"orthographic":false}